Label,Area
1.jpg,424
1.jpg,332
1.jpg,1
1.jpg,166
1.jpg,621
1.jpg,1
1.jpg,520
1.jpg,491
1.jpg,14
1.jpg,401
1.jpg,4
1.jpg,49
1.jpg,611
1.jpg,964
1.jpg,284
1.jpg,519
1.jpg,7
1.jpg,79
1.jpg,22
1.jpg,247
1.jpg,222
1.jpg,3
1.jpg,699
1.jpg,510
1.jpg,569
1.jpg,34
1.jpg,452
1.jpg,7
1.jpg,391
1.jpg,431
1.jpg,1
1.jpg,825
1.jpg,7
1.jpg,623
1.jpg,282
1.jpg,122
1.jpg,1816
1.jpg,10
1.jpg,830
1.jpg,43
1.jpg,4
1.jpg,653
1.jpg,797
1.jpg,3
1.jpg,717
1.jpg,205
1.jpg,895
1.jpg,455
1.jpg,115
1.jpg,6
1.jpg,165
1.jpg,619
1.jpg,593
1.jpg,309
1.jpg,576
1.jpg,12
1.jpg,329
1.jpg,1
1.jpg,352
1.jpg,2
1.jpg,59
1.jpg,457
1.jpg,929
1.jpg,770
1.jpg,296
1.jpg,302
1.jpg,1336
1.jpg,298
1.jpg,427
1.jpg,44
1.jpg,308
1.jpg,69
1.jpg,977
1.jpg,739
1.jpg,16
1.jpg,314
1.jpg,31
1.jpg,15
1.jpg,3
1.jpg,269
1.jpg,400
1.jpg,445
1.jpg,3
1.jpg,34
1.jpg,153
1.jpg,16
1.jpg,354
1.jpg,428
1.jpg,1
1.jpg,799
1.jpg,528
1.jpg,902
1.jpg,293
1.jpg,244
1.jpg,17
1.jpg,451
1.jpg,77
1.jpg,718
1.jpg,7
1.jpg,1
1.jpg,259
1.jpg,421
1.jpg,37
1.jpg,335
1.jpg,728
1.jpg,2
1.jpg,7
1.jpg,672
1.jpg,454
1.jpg,307
1.jpg,190
1.jpg,44
1.jpg,884
1.jpg,27
1.jpg,348
1.jpg,338
1.jpg,364
1.jpg,255
1.jpg,608
1.jpg,1
1.jpg,6
1.jpg,19
1.jpg,525
1.jpg,13
1.jpg,3
1.jpg,342
1.jpg,3
1.jpg,11
1.jpg,768
1.jpg,634
1.jpg,709
1.jpg,428
1.jpg,788
1.jpg,489
1.jpg,351
1.jpg,9
1.jpg,180
1.jpg,694
1.jpg,740
1.jpg,4
1.jpg,724
1.jpg,591
1.jpg,664
1.jpg,593
1.jpg,370
1.jpg,1
1.jpg,318
1.jpg,639
1.jpg,57
1.jpg,8
1.jpg,33
1.jpg,5
1.jpg,43
1.jpg,4
1.jpg,1
1.jpg,12
1.jpg,3
1.jpg,501
1.jpg,420
1.jpg,516
1.jpg,84
1.jpg,499
1.jpg,24
1.jpg,2
1.jpg,861
1.jpg,4
1.jpg,573
1.jpg,497
1.jpg,293
1.jpg,423
1.jpg,582
1.jpg,265
1.jpg,667
1.jpg,2452
1.jpg,60
1.jpg,871
1.jpg,324
1.jpg,30
1.jpg,4
1.jpg,437
1.jpg,10
1.jpg,13
1.jpg,278
1.jpg,23
1.jpg,272
1.jpg,2
1.jpg,465
1.jpg,47
1.jpg,17
1.jpg,584
1.jpg,268
1.jpg,988
1.jpg,4
1.jpg,15
1.jpg,11
1.jpg,13
1.jpg,290
1.jpg,330
1.jpg,503
1.jpg,343
1.jpg,6
1.jpg,4
1.jpg,56
1.jpg,455
1.jpg,802
1.jpg,622
1.jpg,12
1.jpg,8
1.jpg,574
1.jpg,554
1.jpg,2
1.jpg,15
1.jpg,380
1.jpg,274
1.jpg,5
1.jpg,458
1.jpg,346
1.jpg,248
1.jpg,8
1.jpg,6
1.jpg,1
1.jpg,2
1.jpg,399
1.jpg,483
1.jpg,38
1.jpg,7
1.jpg,560
1.jpg,4
1.jpg,348
1.jpg,5
1.jpg,8
1.jpg,9
1.jpg,7
1.jpg,14
1.jpg,353
1.jpg,7
1.jpg,544
1.jpg,1
1.jpg,8
1.jpg,411
1.jpg,23
1.jpg,1
1.jpg,28
1.jpg,27
1.jpg,34
2.jpg,358
2.jpg,20
2.jpg,1
2.jpg,1
2.jpg,339
2.jpg,185
2.jpg,5
2.jpg,14
2.jpg,4
2.jpg,234
2.jpg,324
2.jpg,353
2.jpg,18
2.jpg,440
2.jpg,10
2.jpg,287
2.jpg,69
2.jpg,359
2.jpg,250
2.jpg,8
2.jpg,414
2.jpg,157
2.jpg,339
2.jpg,384
2.jpg,1
2.jpg,126
2.jpg,7
2.jpg,915
2.jpg,200
2.jpg,316
2.jpg,21
2.jpg,299
2.jpg,536
2.jpg,11
2.jpg,23
2.jpg,199
2.jpg,311
2.jpg,342
2.jpg,406
2.jpg,50
2.jpg,348
2.jpg,357
2.jpg,17
2.jpg,343
2.jpg,570
2.jpg,2
2.jpg,736
2.jpg,8
2.jpg,355
2.jpg,424
2.jpg,596
2.jpg,517
2.jpg,14
2.jpg,101
2.jpg,3
2.jpg,25
2.jpg,70
2.jpg,4
2.jpg,20
2.jpg,6
2.jpg,325
2.jpg,329
2.jpg,446
2.jpg,1
2.jpg,319
2.jpg,310
2.jpg,20
2.jpg,44
2.jpg,3
2.jpg,168
2.jpg,2
2.jpg,11
2.jpg,17
2.jpg,12
2.jpg,11
2.jpg,266
2.jpg,327
2.jpg,390
2.jpg,212
2.jpg,12
2.jpg,4
2.jpg,2
2.jpg,26
2.jpg,419
2.jpg,18
2.jpg,19
2.jpg,310
2.jpg,4
2.jpg,428
2.jpg,656
2.jpg,312
2.jpg,189
2.jpg,388
2.jpg,68
2.jpg,10
2.jpg,12
2.jpg,29
2.jpg,88
2.jpg,250
2.jpg,342
2.jpg,349
2.jpg,210
2.jpg,225
2.jpg,270
2.jpg,1
2.jpg,241
2.jpg,4
2.jpg,308
2.jpg,17
2.jpg,346
2.jpg,128
2.jpg,4
2.jpg,42
2.jpg,232
2.jpg,290
2.jpg,246
2.jpg,335
2.jpg,280
2.jpg,4
2.jpg,21
2.jpg,679
2.jpg,67
2.jpg,290
2.jpg,36
2.jpg,37
2.jpg,713
2.jpg,438
2.jpg,19
2.jpg,351
2.jpg,428
2.jpg,12
2.jpg,5
2.jpg,286
2.jpg,14
2.jpg,64
2.jpg,328
2.jpg,3
2.jpg,385
2.jpg,245
2.jpg,336
2.jpg,6
2.jpg,25
2.jpg,74
2.jpg,1
2.jpg,344
2.jpg,5
2.jpg,14
2.jpg,93
2.jpg,5
2.jpg,2
2.jpg,1
2.jpg,36
2.jpg,8
2.jpg,21
2.jpg,14
2.jpg,1
2.jpg,6
2.jpg,2
2.jpg,247
2.jpg,47
2.jpg,25
2.jpg,7
2.jpg,30
2.jpg,199
2.jpg,169
2.jpg,167
2.jpg,9
2.jpg,1055
2.jpg,256
2.jpg,14
2.jpg,220
2.jpg,19
2.jpg,14
2.jpg,356
2.jpg,4
2.jpg,1
2.jpg,3
2.jpg,239
2.jpg,248
2.jpg,407
2.jpg,292
2.jpg,359
2.jpg,290
2.jpg,368
2.jpg,198
2.jpg,4
2.jpg,1
2.jpg,6
2.jpg,237
2.jpg,552
2.jpg,234
2.jpg,279
2.jpg,194
2.jpg,321
2.jpg,200
2.jpg,10
2.jpg,222
2.jpg,295
2.jpg,172
2.jpg,302
2.jpg,56
2.jpg,263
2.jpg,483
2.jpg,267
2.jpg,54
2.jpg,755
2.jpg,306
2.jpg,200
2.jpg,330
2.jpg,439
2.jpg,462
2.jpg,1
2.jpg,452
2.jpg,583
2.jpg,11
2.jpg,19
2.jpg,583
2.jpg,233
2.jpg,19
2.jpg,11
2.jpg,177
2.jpg,45
2.jpg,77
2.jpg,162
2.jpg,576
2.jpg,29
2.jpg,140
2.jpg,836
2.jpg,543
2.jpg,23
2.jpg,26
2.jpg,5
2.jpg,1
2.jpg,219
2.jpg,100
2.jpg,9
2.jpg,566
2.jpg,486
2.jpg,396
2.jpg,23
2.jpg,357
2.jpg,50
2.jpg,286
2.jpg,66
2.jpg,284
2.jpg,289
2.jpg,247
2.jpg,17
2.jpg,47
2.jpg,290
2.jpg,289
2.jpg,10
2.jpg,278
2.jpg,258
2.jpg,5
2.jpg,2
2.jpg,35
2.jpg,7
2.jpg,108
2.jpg,23
2.jpg,2
2.jpg,21
2.jpg,96
2.jpg,599
2.jpg,164
2.jpg,292
2.jpg,318
2.jpg,37
2.jpg,4
2.jpg,250
2.jpg,34
2.jpg,5
2.jpg,202
2.jpg,2
2.jpg,324
2.jpg,325
2.jpg,4
2.jpg,1
2.jpg,290
2.jpg,362
2.jpg,10
2.jpg,6
2.jpg,63
2.jpg,511
2.jpg,1019
2.jpg,214
2.jpg,17
2.jpg,501
2.jpg,741
2.jpg,1
2.jpg,280
2.jpg,337
2.jpg,14
2.jpg,764
2.jpg,347
2.jpg,392
2.jpg,216
2.jpg,244
2.jpg,458
2.jpg,2
2.jpg,5
2.jpg,174
2.jpg,512
2.jpg,3
2.jpg,209
2.jpg,99
2.jpg,157
2.jpg,218
2.jpg,314
2.jpg,24
2.jpg,38
2.jpg,273
2.jpg,319
2.jpg,59
2.jpg,7
2.jpg,1
2.jpg,1
2.jpg,25
2.jpg,3
2.jpg,250
2.jpg,363
2.jpg,1095
2.jpg,15
2.jpg,534
2.jpg,64
2.jpg,248
2.jpg,1
2.jpg,1
2.jpg,486
2.jpg,6
2.jpg,358
2.jpg,116
2.jpg,283
2.jpg,320
2.jpg,310
2.jpg,20
2.jpg,1249
2.jpg,3
2.jpg,2
2.jpg,1
2.jpg,284
2.jpg,5
2.jpg,311
2.jpg,560
2.jpg,17
2.jpg,338
2.jpg,250
2.jpg,249
2.jpg,555
2.jpg,12
2.jpg,21
2.jpg,670
2.jpg,2
2.jpg,29
2.jpg,248
2.jpg,457
2.jpg,263
2.jpg,106
2.jpg,333
2.jpg,10
2.jpg,359
2.jpg,340
2.jpg,11
2.jpg,8
2.jpg,19
2.jpg,240
2.jpg,17
2.jpg,707
2.jpg,952
2.jpg,307
2.jpg,278
2.jpg,375
2.jpg,339
2.jpg,10
2.jpg,513
2.jpg,498
2.jpg,3
2.jpg,358
2.jpg,27
2.jpg,369
2.jpg,621
2.jpg,61
2.jpg,361
2.jpg,81
2.jpg,4
2.jpg,1
2.jpg,591
2.jpg,32
2.jpg,4
2.jpg,4
2.jpg,632
2.jpg,66
2.jpg,27
2.jpg,4
2.jpg,4
2.jpg,320
2.jpg,683
2.jpg,322
2.jpg,3
2.jpg,658
2.jpg,398
2.jpg,450
2.jpg,26
2.jpg,195
2.jpg,301
2.jpg,24
2.jpg,25
2.jpg,248
2.jpg,4
2.jpg,146
2.jpg,10
2.jpg,2
2.jpg,207
2.jpg,454
2.jpg,8
2.jpg,83
2.jpg,28
2.jpg,14
2.jpg,285
2.jpg,177
2.jpg,53
2.jpg,536
2.jpg,8
2.jpg,292
2.jpg,1
2.jpg,1
2.jpg,29
2.jpg,431
2.jpg,365
2.jpg,50
2.jpg,76
2.jpg,208
2.jpg,25
2.jpg,14
2.jpg,13
2.jpg,64
2.jpg,254
2.jpg,287
2.jpg,15
2.jpg,404
2.jpg,277
2.jpg,7
2.jpg,2
2.jpg,316
2.jpg,306
2.jpg,270
2.jpg,140
2.jpg,459
2.jpg,1007
2.jpg,7
2.jpg,2
2.jpg,517
2.jpg,16
2.jpg,250
2.jpg,544
2.jpg,294
2.jpg,304
2.jpg,16
2.jpg,231
2.jpg,143
2.jpg,421
2.jpg,3
2.jpg,224
2.jpg,5
2.jpg,260
2.jpg,10
2.jpg,1
2.jpg,351
2.jpg,327
2.jpg,592
2.jpg,8
2.jpg,314
2.jpg,4
2.jpg,2
2.jpg,262
2.jpg,264
2.jpg,258
2.jpg,115
2.jpg,319
2.jpg,389
2.jpg,568
2.jpg,4
2.jpg,3
2.jpg,306
2.jpg,392
2.jpg,7
2.jpg,276
2.jpg,295
2.jpg,289
2.jpg,1
2.jpg,188
2.jpg,469
2.jpg,756
2.jpg,6
2.jpg,462
2.jpg,244
2.jpg,671
2.jpg,3
2.jpg,750
2.jpg,19
2.jpg,4
2.jpg,570
2.jpg,310
2.jpg,185
2.jpg,450
2.jpg,223
2.jpg,23
2.jpg,2
2.jpg,7
2.jpg,9
2.jpg,257
2.jpg,287
2.jpg,462
2.jpg,640
2.jpg,286
2.jpg,9
2.jpg,18
2.jpg,6
2.jpg,19
2.jpg,309
2.jpg,16
2.jpg,75
2.jpg,387
2.jpg,17
2.jpg,46
2.jpg,16
2.jpg,284
2.jpg,14
2.jpg,13
2.jpg,13
2.jpg,407
2.jpg,2
2.jpg,1
2.jpg,220
2.jpg,403
2.jpg,3
2.jpg,234
2.jpg,404
2.jpg,434
2.jpg,23
2.jpg,406
2.jpg,259
2.jpg,295
2.jpg,260
2.jpg,310
2.jpg,349
2.jpg,515
2.jpg,8
2.jpg,237
2.jpg,264
2.jpg,494
2.jpg,428
2.jpg,7
2.jpg,325
2.jpg,321
2.jpg,279
2.jpg,280
2.jpg,276
2.jpg,328
2.jpg,230
2.jpg,323
2.jpg,250
2.jpg,74
2.jpg,42
2.jpg,665
2.jpg,25
2.jpg,263
2.jpg,25
2.jpg,7
2.jpg,210
2.jpg,1
2.jpg,38
2.jpg,17
2.jpg,337
2.jpg,19
2.jpg,12
2.jpg,319
2.jpg,1
2.jpg,280
2.jpg,385
2.jpg,455
2.jpg,286
2.jpg,254
2.jpg,557
2.jpg,220
2.jpg,302
2.jpg,476
2.jpg,314
2.jpg,456
2.jpg,352
2.jpg,404
2.jpg,2
2.jpg,336
2.jpg,43
2.jpg,319
2.jpg,291
2.jpg,1
2.jpg,288
2.jpg,291
2.jpg,376
2.jpg,302
2.jpg,23
2.jpg,459
2.jpg,259
2.jpg,1429
2.jpg,43
2.jpg,315
2.jpg,420
2.jpg,16
2.jpg,2
2.jpg,4
2.jpg,263
2.jpg,388
2.jpg,296
2.jpg,10
2.jpg,162
2.jpg,8
2.jpg,322
2.jpg,177
2.jpg,298
2.jpg,3
2.jpg,13
2.jpg,759
2.jpg,131
2.jpg,237
2.jpg,427
2.jpg,656
2.jpg,424
2.jpg,353
2.jpg,557
2.jpg,37
2.jpg,827
2.jpg,325
2.jpg,32
2.jpg,303
2.jpg,240
2.jpg,2
2.jpg,370
2.jpg,7
2.jpg,6
2.jpg,12
2.jpg,15
2.jpg,417
2.jpg,28
2.jpg,102
2.jpg,305
2.jpg,19
2.jpg,672
2.jpg,360
2.jpg,2
2.jpg,119
2.jpg,294
2.jpg,362
2.jpg,12
2.jpg,21
2.jpg,7
2.jpg,1
2.jpg,1
2.jpg,286
2.jpg,16
2.jpg,193
2.jpg,199
2.jpg,261
2.jpg,3
2.jpg,124
2.jpg,477
2.jpg,6
2.jpg,230
2.jpg,485
2.jpg,419
2.jpg,294
2.jpg,246
2.jpg,343
2.jpg,4
2.jpg,304
2.jpg,21
2.jpg,203
2.jpg,405
2.jpg,333
2.jpg,277
2.jpg,415
2.jpg,1
2.jpg,348
2.jpg,5
2.jpg,250
2.jpg,4
2.jpg,318
2.jpg,375
2.jpg,370
2.jpg,355
2.jpg,307
2.jpg,475
2.jpg,6
2.jpg,332
2.jpg,7
2.jpg,456
2.jpg,386
2.jpg,244
2.jpg,221
2.jpg,283
2.jpg,7
2.jpg,5
2.jpg,721
2.jpg,644
2.jpg,675
2.jpg,27
2.jpg,437
2.jpg,54
2.jpg,316
2.jpg,3
2.jpg,17
2.jpg,4
2.jpg,3
2.jpg,2
2.jpg,332
2.jpg,573
2.jpg,253
2.jpg,97
2.jpg,228
2.jpg,10
2.jpg,437
2.jpg,368
2.jpg,423
2.jpg,383
2.jpg,260
2.jpg,6
2.jpg,2
2.jpg,6
2.jpg,1
2.jpg,7
2.jpg,615
2.jpg,31
2.jpg,2
2.jpg,11
2.jpg,8
2.jpg,182
2.jpg,11
2.jpg,270
2.jpg,19
2.jpg,518
2.jpg,293
2.jpg,274
2.jpg,93
2.jpg,18
2.jpg,4
2.jpg,669
2.jpg,360
2.jpg,2
2.jpg,257
2.jpg,221
2.jpg,11
2.jpg,19
2.jpg,222
2.jpg,241
2.jpg,253
2.jpg,260
2.jpg,478
2.jpg,20
2.jpg,474
2.jpg,324
2.jpg,233
2.jpg,353
2.jpg,30
2.jpg,79
2.jpg,375
2.jpg,299
2.jpg,319
2.jpg,6
2.jpg,2
2.jpg,360
2.jpg,643
2.jpg,231
2.jpg,4
2.jpg,260
2.jpg,214
2.jpg,352
2.jpg,384
2.jpg,400
2.jpg,383
2.jpg,390
2.jpg,4
2.jpg,23
2.jpg,17
2.jpg,312
2.jpg,342
2.jpg,409
2.jpg,3
2.jpg,27
2.jpg,2
2.jpg,3
2.jpg,863
2.jpg,454
2.jpg,15
2.jpg,359
2.jpg,387
2.jpg,12
2.jpg,280
2.jpg,316
2.jpg,338
2.jpg,345
2.jpg,13
2.jpg,834
2.jpg,275
2.jpg,383
2.jpg,18
2.jpg,376
2.jpg,491
2.jpg,24
2.jpg,265
2.jpg,367
2.jpg,8
2.jpg,570
2.jpg,341
2.jpg,2
2.jpg,305
2.jpg,153
2.jpg,7
2.jpg,182
2.jpg,14
2.jpg,240
2.jpg,1
2.jpg,1
2.jpg,32
2.jpg,642
2.jpg,308
2.jpg,277
2.jpg,26
2.jpg,563
2.jpg,26
2.jpg,8
2.jpg,13
2.jpg,33
2.jpg,228
2.jpg,268
2.jpg,305
2.jpg,617
2.jpg,316
2.jpg,3
2.jpg,51
2.jpg,115
2.jpg,3
2.jpg,231
2.jpg,2
2.jpg,396
2.jpg,958
2.jpg,9
2.jpg,444
2.jpg,119
2.jpg,86
2.jpg,315
2.jpg,232
2.jpg,103
2.jpg,222
2.jpg,6
2.jpg,3
2.jpg,5
2.jpg,3
2.jpg,9
2.jpg,325
2.jpg,305
2.jpg,355
2.jpg,217
2.jpg,5
2.jpg,301
2.jpg,2
2.jpg,304
2.jpg,500
2.jpg,2
2.jpg,4
2.jpg,238
2.jpg,1
2.jpg,312
2.jpg,5
2.jpg,212
2.jpg,2
2.jpg,203
2.jpg,93
2.jpg,285
2.jpg,330
2.jpg,355
2.jpg,321
2.jpg,16
2.jpg,528
2.jpg,15
2.jpg,146
2.jpg,408
2.jpg,147
2.jpg,12
2.jpg,273
2.jpg,7
2.jpg,24
2.jpg,1
2.jpg,334
2.jpg,277
2.jpg,13
2.jpg,127
2.jpg,12
2.jpg,39
2.jpg,1
2.jpg,21
2.jpg,54
2.jpg,658
2.jpg,4
2.jpg,5
2.jpg,2
2.jpg,20
2.jpg,246
2.jpg,15
2.jpg,8
2.jpg,536
2.jpg,12
2.jpg,80
2.jpg,390
2.jpg,103
2.jpg,290
2.jpg,252
2.jpg,379
2.jpg,4
2.jpg,13
2.jpg,418
2.jpg,456
2.jpg,43
2.jpg,231
2.jpg,311
2.jpg,526
2.jpg,15
2.jpg,10
2.jpg,355
2.jpg,199
2.jpg,6
2.jpg,254
2.jpg,3
2.jpg,393
2.jpg,299
2.jpg,166
2.jpg,3
2.jpg,1
2.jpg,343
2.jpg,16
2.jpg,14
2.jpg,153
2.jpg,379
2.jpg,352
2.jpg,17
2.jpg,3
2.jpg,42
2.jpg,373
2.jpg,53
2.jpg,4
2.jpg,323
2.jpg,360
2.jpg,7
2.jpg,9
2.jpg,6
2.jpg,8
2.jpg,396
2.jpg,198
2.jpg,339
2.jpg,24
2.jpg,493
2.jpg,558
2.jpg,23
2.jpg,219
2.jpg,36
2.jpg,47
2.jpg,182
2.jpg,2
2.jpg,1207
2.jpg,3
2.jpg,489
2.jpg,385
2.jpg,2
2.jpg,3
2.jpg,137
2.jpg,16
2.jpg,10
2.jpg,458
2.jpg,255
2.jpg,110
2.jpg,10
2.jpg,247
2.jpg,527
2.jpg,205
2.jpg,7
2.jpg,317
2.jpg,5
2.jpg,3
2.jpg,93
2.jpg,389
2.jpg,246
2.jpg,235
2.jpg,1
2.jpg,312
2.jpg,233
2.jpg,375
2.jpg,241
2.jpg,323
2.jpg,1
2.jpg,270
2.jpg,7
2.jpg,334
2.jpg,275
2.jpg,1
2.jpg,251
2.jpg,261
2.jpg,220
2.jpg,386
2.jpg,316
2.jpg,310
2.jpg,290
2.jpg,5
2.jpg,324
2.jpg,797
2.jpg,260
2.jpg,17
2.jpg,293
2.jpg,292
2.jpg,389
2.jpg,315
2.jpg,18
2.jpg,328
2.jpg,311
2.jpg,3
2.jpg,339
2.jpg,441
2.jpg,191
2.jpg,600
2.jpg,416
2.jpg,393
2.jpg,249
2.jpg,448
2.jpg,276
2.jpg,21
2.jpg,806
2.jpg,604
2.jpg,527
2.jpg,368
2.jpg,433
2.jpg,462
2.jpg,491
2.jpg,567
2.jpg,14
2.jpg,405
2.jpg,1
2.jpg,160
2.jpg,10
2.jpg,4
2.jpg,339
2.jpg,195
2.jpg,8
2.jpg,347
2.jpg,485
2.jpg,304
2.jpg,178
2.jpg,233
2.jpg,296
2.jpg,477
2.jpg,12
2.jpg,33
2.jpg,13
2.jpg,287
2.jpg,10
2.jpg,694
2.jpg,23
2.jpg,14
2.jpg,5
2.jpg,5
2.jpg,24
2.jpg,4
2.jpg,441
2.jpg,30
2.jpg,29
2.jpg,5
2.jpg,246
2.jpg,69
2.jpg,51
2.jpg,296
2.jpg,16
2.jpg,19
2.jpg,30
2.jpg,270
2.jpg,288
2.jpg,204
2.jpg,3
2.jpg,7
2.jpg,3
2.jpg,308
2.jpg,24
2.jpg,257
2.jpg,9
2.jpg,17
2.jpg,2
2.jpg,378
2.jpg,13
2.jpg,8
2.jpg,244
2.jpg,305
2.jpg,193
2.jpg,285
2.jpg,369
2.jpg,386
2.jpg,215
2.jpg,398
2.jpg,214
2.jpg,408
2.jpg,220
2.jpg,3
2.jpg,16
2.jpg,197
2.jpg,93
2.jpg,15
2.jpg,489
2.jpg,2
2.jpg,98
2.jpg,1
2.jpg,410
2.jpg,63
2.jpg,297
2.jpg,18
2.jpg,250
2.jpg,287
2.jpg,314
2.jpg,74
2.jpg,5
2.jpg,225
2.jpg,395
2.jpg,280
2.jpg,235
2.jpg,684
2.jpg,268
2.jpg,141
2.jpg,19
2.jpg,294
2.jpg,21
2.jpg,292
2.jpg,258
2.jpg,153
2.jpg,9
2.jpg,394
2.jpg,147
2.jpg,3
2.jpg,78
2.jpg,1
2.jpg,24
2.jpg,141
2.jpg,297
2.jpg,254
2.jpg,3
2.jpg,1
2.jpg,238
2.jpg,192
2.jpg,8
2.jpg,267
2.jpg,491
2.jpg,4
2.jpg,208
2.jpg,10
2.jpg,7
2.jpg,361
2.jpg,6
2.jpg,245
2.jpg,232
2.jpg,201
2.jpg,230
2.jpg,4
2.jpg,311
2.jpg,31
2.jpg,5
2.jpg,2
2.jpg,328
2.jpg,6
2.jpg,10
2.jpg,310
2.jpg,300
2.jpg,510
2.jpg,267
2.jpg,268
2.jpg,42
2.jpg,287
2.jpg,55
2.jpg,8
2.jpg,79
2.jpg,13
2.jpg,6
2.jpg,384
2.jpg,241
2.jpg,44
2.jpg,19
2.jpg,334
2.jpg,116
2.jpg,285
2.jpg,1
2.jpg,297
2.jpg,2
2.jpg,11
2.jpg,3
2.jpg,210
2.jpg,65
2.jpg,11
2.jpg,256
2.jpg,94
2.jpg,2
2.jpg,290
2.jpg,2
2.jpg,7
2.jpg,49
2.jpg,1
2.jpg,52
2.jpg,52
2.jpg,25
2.jpg,172
2.jpg,6
2.jpg,365
2.jpg,361
2.jpg,285
2.jpg,7
2.jpg,61
2.jpg,19
2.jpg,41
2.jpg,63
2.jpg,240
2.jpg,11
2.jpg,315
2.jpg,2
2.jpg,383
2.jpg,88
2.jpg,145
2.jpg,4
2.jpg,22
2.jpg,224
2.jpg,450
2.jpg,326
2.jpg,44
2.jpg,481
2.jpg,1
2.jpg,8
2.jpg,345
2.jpg,299
2.jpg,5
2.jpg,6
2.jpg,276
2.jpg,2
2.jpg,22
2.jpg,505
2.jpg,331
2.jpg,1
2.jpg,332
2.jpg,358
2.jpg,311
2.jpg,213
2.jpg,342
2.jpg,468
2.jpg,199
2.jpg,331
2.jpg,309
2.jpg,180
2.jpg,13
2.jpg,1
2.jpg,509
2.jpg,199
2.jpg,289
2.jpg,167
2.jpg,11
2.jpg,402
2.jpg,267
2.jpg,273
2.jpg,270
2.jpg,367
2.jpg,2
2.jpg,5
2.jpg,4
2.jpg,360
2.jpg,6
2.jpg,3
2.jpg,30
2.jpg,451
2.jpg,16
2.jpg,513
2.jpg,306
2.jpg,906
2.jpg,365
2.jpg,10
2.jpg,1
2.jpg,1
2.jpg,31
2.jpg,8
2.jpg,356
2.jpg,229
2.jpg,207
2.jpg,203
2.jpg,224
2.jpg,270
2.jpg,202
2.jpg,300
2.jpg,19
2.jpg,547
2.jpg,409
2.jpg,449
2.jpg,328
2.jpg,280
2.jpg,539
2.jpg,2
2.jpg,349
2.jpg,290
2.jpg,2
2.jpg,331
2.jpg,236
2.jpg,22
2.jpg,4
2.jpg,2
2.jpg,241
2.jpg,181
2.jpg,2
2.jpg,663
2.jpg,360
2.jpg,22
2.jpg,227
2.jpg,426
2.jpg,303
2.jpg,8
2.jpg,395
2.jpg,274
2.jpg,399
2.jpg,113
2.jpg,2
2.jpg,306
2.jpg,32
2.jpg,328
2.jpg,633
2.jpg,177
2.jpg,11
2.jpg,65
2.jpg,583
2.jpg,546
2.jpg,15
2.jpg,63
2.jpg,284
2.jpg,3
2.jpg,312
2.jpg,13
2.jpg,29
2.jpg,8
2.jpg,461
2.jpg,452
2.jpg,288
2.jpg,12
2.jpg,4
2.jpg,229
2.jpg,1
2.jpg,333
2.jpg,47
2.jpg,27
2.jpg,317
2.jpg,506
2.jpg,62
2.jpg,20
2.jpg,323
2.jpg,33
2.jpg,220
2.jpg,12
2.jpg,81
2.jpg,42
2.jpg,204
2.jpg,382
2.jpg,229
2.jpg,18
2.jpg,285
2.jpg,382
2.jpg,8
2.jpg,274
2.jpg,2
2.jpg,6
2.jpg,1
2.jpg,477
2.jpg,599
2.jpg,3
2.jpg,284
2.jpg,452
2.jpg,231
2.jpg,238
2.jpg,227
2.jpg,388
2.jpg,209
2.jpg,187
2.jpg,309
2.jpg,6
2.jpg,375
2.jpg,331
2.jpg,12
2.jpg,641
2.jpg,91
2.jpg,3
2.jpg,431
2.jpg,2
2.jpg,5
2.jpg,75
2.jpg,3
2.jpg,74
2.jpg,45
2.jpg,92
2.jpg,15
2.jpg,10
2.jpg,3
2.jpg,12
2.jpg,32
2.jpg,19
2.jpg,35
2.jpg,4
3.jpg,178
3.jpg,58
3.jpg,46
3.jpg,1
3.jpg,112
3.jpg,58
3.jpg,245
3.jpg,49
3.jpg,14
3.jpg,7
3.jpg,10
3.jpg,2
3.jpg,12
3.jpg,44
3.jpg,608
3.jpg,115
3.jpg,17
3.jpg,309
3.jpg,19
3.jpg,286
3.jpg,89
3.jpg,48
3.jpg,19
3.jpg,3
3.jpg,93
3.jpg,391
3.jpg,10
3.jpg,223
3.jpg,3
3.jpg,369
3.jpg,62
3.jpg,420
3.jpg,11
3.jpg,17
3.jpg,245
3.jpg,166
3.jpg,6
3.jpg,22
3.jpg,10
3.jpg,18
3.jpg,30
3.jpg,603
3.jpg,618
3.jpg,175
3.jpg,424
3.jpg,331
3.jpg,8
3.jpg,2
3.jpg,427
3.jpg,22
3.jpg,140
3.jpg,21
3.jpg,734
3.jpg,34
3.jpg,10
3.jpg,321
3.jpg,610
3.jpg,7
3.jpg,573
3.jpg,1
3.jpg,389
3.jpg,475
3.jpg,395
3.jpg,16
3.jpg,275
3.jpg,489
3.jpg,542
3.jpg,301
3.jpg,249
3.jpg,321
3.jpg,212
3.jpg,265
3.jpg,402
3.jpg,339
3.jpg,437
3.jpg,443
3.jpg,330
3.jpg,202
3.jpg,282
3.jpg,187
3.jpg,522
3.jpg,123
3.jpg,2
3.jpg,57
3.jpg,35
3.jpg,2
3.jpg,490
3.jpg,13
3.jpg,351
3.jpg,426
3.jpg,349
3.jpg,5
3.jpg,23
3.jpg,4
3.jpg,395
3.jpg,218
3.jpg,187
3.jpg,14
3.jpg,533
3.jpg,280
3.jpg,444
3.jpg,234
3.jpg,4
3.jpg,107
3.jpg,1
3.jpg,1
3.jpg,191
3.jpg,370
3.jpg,8
3.jpg,2
3.jpg,132
3.jpg,204
3.jpg,259
3.jpg,24
3.jpg,600
3.jpg,39
3.jpg,8
3.jpg,69
3.jpg,7
3.jpg,208
3.jpg,536
3.jpg,211
3.jpg,602
3.jpg,303
3.jpg,454
3.jpg,337
3.jpg,334
3.jpg,82
3.jpg,266
3.jpg,17
3.jpg,255
3.jpg,459
3.jpg,269
3.jpg,5
3.jpg,15
3.jpg,292
3.jpg,569
3.jpg,282
3.jpg,434
3.jpg,237
3.jpg,209
3.jpg,244
3.jpg,241
3.jpg,433
3.jpg,6
3.jpg,132
3.jpg,359
3.jpg,12
3.jpg,603
3.jpg,9
3.jpg,291
3.jpg,364
3.jpg,98
3.jpg,11
3.jpg,16
3.jpg,251
3.jpg,641
3.jpg,271
3.jpg,340
3.jpg,467
3.jpg,342
3.jpg,108
3.jpg,471
3.jpg,332
3.jpg,2
3.jpg,68
3.jpg,73
3.jpg,297
3.jpg,460
3.jpg,22
3.jpg,271
3.jpg,398
3.jpg,13
3.jpg,293
3.jpg,355
3.jpg,157
3.jpg,14
3.jpg,300
3.jpg,402
3.jpg,2
3.jpg,4
3.jpg,392
3.jpg,10
3.jpg,243
3.jpg,4
3.jpg,13
3.jpg,1
3.jpg,9
3.jpg,569
3.jpg,4
3.jpg,99
3.jpg,19
3.jpg,19
3.jpg,518
3.jpg,1
3.jpg,433
3.jpg,251
3.jpg,651
3.jpg,310
3.jpg,388
3.jpg,313
3.jpg,193
3.jpg,269
3.jpg,424
3.jpg,28
3.jpg,189
3.jpg,442
3.jpg,381
3.jpg,259
3.jpg,272
3.jpg,74
3.jpg,294
3.jpg,10
3.jpg,253
3.jpg,11
3.jpg,1
3.jpg,1
3.jpg,13
3.jpg,274
3.jpg,412
3.jpg,17
3.jpg,2
3.jpg,37
3.jpg,239
3.jpg,269
3.jpg,2
3.jpg,671
3.jpg,156
3.jpg,4
3.jpg,202
3.jpg,22
3.jpg,296
3.jpg,128
3.jpg,36
3.jpg,10
3.jpg,609
3.jpg,463
3.jpg,213
3.jpg,5
3.jpg,92
3.jpg,2
3.jpg,242
3.jpg,12
3.jpg,711
3.jpg,236
3.jpg,371
3.jpg,234
3.jpg,497
3.jpg,3
3.jpg,270
3.jpg,320
3.jpg,316
3.jpg,44
3.jpg,307
3.jpg,523
3.jpg,71
3.jpg,364
3.jpg,189
3.jpg,393
3.jpg,72
3.jpg,1
3.jpg,57
3.jpg,272
3.jpg,29
3.jpg,117
3.jpg,27
3.jpg,1
3.jpg,304
3.jpg,9
3.jpg,195
3.jpg,461
3.jpg,341
3.jpg,197
3.jpg,302
3.jpg,296
3.jpg,335
3.jpg,429
3.jpg,261
3.jpg,350
3.jpg,230
3.jpg,395
3.jpg,4
3.jpg,247
3.jpg,13
3.jpg,251
3.jpg,37
3.jpg,12
3.jpg,12
3.jpg,426
3.jpg,383
3.jpg,26
3.jpg,406
3.jpg,339
3.jpg,4
3.jpg,116
3.jpg,317
3.jpg,134
3.jpg,394
3.jpg,424
3.jpg,405
3.jpg,640
3.jpg,411
3.jpg,441
3.jpg,602
3.jpg,315
3.jpg,315
3.jpg,419
3.jpg,338
3.jpg,422
3.jpg,583
3.jpg,17
3.jpg,384
3.jpg,430
3.jpg,90
3.jpg,216
3.jpg,46
3.jpg,464
3.jpg,137
3.jpg,494
3.jpg,204
3.jpg,208
3.jpg,272
3.jpg,6
3.jpg,341
3.jpg,392
3.jpg,289
3.jpg,174
3.jpg,401
3.jpg,311
3.jpg,2
3.jpg,130
3.jpg,38
3.jpg,439
3.jpg,165
3.jpg,608
3.jpg,248
3.jpg,207
3.jpg,313
3.jpg,277
3.jpg,553
3.jpg,355
3.jpg,51
3.jpg,4
3.jpg,21
3.jpg,261
3.jpg,184
3.jpg,347
3.jpg,412
3.jpg,2
3.jpg,316
3.jpg,404
3.jpg,144
3.jpg,110
3.jpg,274
3.jpg,1
3.jpg,469
3.jpg,50
3.jpg,273
3.jpg,7
3.jpg,374
3.jpg,407
3.jpg,289
3.jpg,320
3.jpg,215
3.jpg,10
3.jpg,216
3.jpg,215
3.jpg,91
3.jpg,413
3.jpg,7
3.jpg,465
3.jpg,8
3.jpg,272
3.jpg,211
3.jpg,111
3.jpg,1
3.jpg,318
3.jpg,226
3.jpg,10
3.jpg,242
3.jpg,5
3.jpg,559
3.jpg,238
3.jpg,438
3.jpg,607
3.jpg,10
3.jpg,456
3.jpg,581
3.jpg,548
3.jpg,466
3.jpg,409
3.jpg,307
3.jpg,7
3.jpg,338
3.jpg,408
3.jpg,257
3.jpg,242
3.jpg,194
3.jpg,722
3.jpg,2
3.jpg,454
3.jpg,34
3.jpg,465
3.jpg,185
3.jpg,49
3.jpg,96
3.jpg,669
3.jpg,266
3.jpg,166
3.jpg,546
3.jpg,2
3.jpg,749
3.jpg,7
3.jpg,52
3.jpg,86
3.jpg,350
3.jpg,6
3.jpg,169
3.jpg,24
3.jpg,187
3.jpg,13
3.jpg,9
3.jpg,199
3.jpg,13
3.jpg,5
3.jpg,258
3.jpg,581
3.jpg,331
3.jpg,5
3.jpg,265
3.jpg,540
3.jpg,447
3.jpg,55
3.jpg,397
3.jpg,1
3.jpg,460
3.jpg,539
3.jpg,4
3.jpg,512
3.jpg,8
3.jpg,332
3.jpg,218
3.jpg,536
3.jpg,40
3.jpg,10
3.jpg,33
3.jpg,575
3.jpg,183
3.jpg,148
3.jpg,5
3.jpg,1
3.jpg,1
3.jpg,9
3.jpg,321
3.jpg,468
3.jpg,255
3.jpg,421
3.jpg,3
3.jpg,522
3.jpg,2
3.jpg,469
3.jpg,261
3.jpg,1
3.jpg,308
3.jpg,238
3.jpg,9
3.jpg,378
3.jpg,546
3.jpg,201
3.jpg,321
3.jpg,2
3.jpg,299
3.jpg,2
3.jpg,294
3.jpg,641
3.jpg,201
3.jpg,677
3.jpg,7
3.jpg,259
3.jpg,417
3.jpg,528
3.jpg,308
3.jpg,410
3.jpg,533
3.jpg,252
3.jpg,1
3.jpg,339
3.jpg,275
3.jpg,25
3.jpg,50
3.jpg,8
3.jpg,339
3.jpg,605
3.jpg,389
3.jpg,684
3.jpg,5
3.jpg,13
3.jpg,657
3.jpg,57
3.jpg,242
3.jpg,2
3.jpg,2
3.jpg,48
3.jpg,9
3.jpg,17
3.jpg,146
3.jpg,488
3.jpg,22
3.jpg,583
3.jpg,736
3.jpg,852
3.jpg,11
3.jpg,486
3.jpg,383
3.jpg,124
3.jpg,682
3.jpg,21
3.jpg,454
3.jpg,23
3.jpg,17
3.jpg,458
3.jpg,1
3.jpg,302
3.jpg,2
3.jpg,223
3.jpg,23
3.jpg,356
3.jpg,5
3.jpg,656
3.jpg,277
3.jpg,584
3.jpg,294
3.jpg,213
3.jpg,432
3.jpg,311
3.jpg,365
3.jpg,506
3.jpg,25
3.jpg,544
3.jpg,558
3.jpg,92
3.jpg,229
3.jpg,315
3.jpg,263
3.jpg,402
3.jpg,215
3.jpg,389
3.jpg,325
3.jpg,80
3.jpg,311
3.jpg,404
3.jpg,2
3.jpg,162
3.jpg,397
3.jpg,210
3.jpg,436
3.jpg,1
3.jpg,230
3.jpg,24
3.jpg,1
3.jpg,221
3.jpg,197
3.jpg,2
3.jpg,220
3.jpg,324
3.jpg,173
3.jpg,260
3.jpg,163
3.jpg,284
3.jpg,2
3.jpg,9
3.jpg,22
3.jpg,371
3.jpg,931
3.jpg,7
3.jpg,15
3.jpg,12
3.jpg,526
3.jpg,4
3.jpg,72
3.jpg,427
3.jpg,226
3.jpg,51
3.jpg,558
3.jpg,299
3.jpg,13
3.jpg,220
3.jpg,265
3.jpg,63
3.jpg,244
3.jpg,264
3.jpg,3
3.jpg,300
3.jpg,10
3.jpg,19
3.jpg,16
3.jpg,371
3.jpg,377
3.jpg,284
3.jpg,40
3.jpg,214
3.jpg,7
3.jpg,281
3.jpg,9
3.jpg,7
3.jpg,95
3.jpg,24
3.jpg,162
3.jpg,427
3.jpg,482
3.jpg,270
3.jpg,493
3.jpg,348
3.jpg,279
3.jpg,14
3.jpg,329
3.jpg,255
3.jpg,371
3.jpg,304
3.jpg,215
3.jpg,529
3.jpg,4
3.jpg,360
3.jpg,316
3.jpg,382
3.jpg,213
3.jpg,314
3.jpg,228
3.jpg,257
3.jpg,365
3.jpg,298
3.jpg,487
3.jpg,381
3.jpg,52
3.jpg,256
3.jpg,370
3.jpg,390
3.jpg,284
3.jpg,34
3.jpg,191
3.jpg,560
3.jpg,450
3.jpg,263
3.jpg,293
3.jpg,88
3.jpg,191
3.jpg,225
3.jpg,418
3.jpg,12
3.jpg,159
3.jpg,586
3.jpg,80
3.jpg,500
3.jpg,213
3.jpg,446
3.jpg,427
3.jpg,406
3.jpg,194
3.jpg,265
3.jpg,568
3.jpg,222
3.jpg,526
3.jpg,259
3.jpg,186
3.jpg,190
3.jpg,256
3.jpg,712
3.jpg,326
3.jpg,551
3.jpg,223
3.jpg,159
3.jpg,156
3.jpg,1
3.jpg,22
3.jpg,426
3.jpg,519
3.jpg,12
3.jpg,97
3.jpg,5
3.jpg,23
3.jpg,309
3.jpg,336
3.jpg,1
3.jpg,8
3.jpg,567
3.jpg,9
3.jpg,396
3.jpg,441
3.jpg,517
3.jpg,76
3.jpg,9
3.jpg,412
3.jpg,1
3.jpg,4
3.jpg,3
3.jpg,3
3.jpg,5
3.jpg,604
3.jpg,267
3.jpg,309
3.jpg,245
3.jpg,2
3.jpg,309
3.jpg,647
3.jpg,405
3.jpg,5
3.jpg,541
3.jpg,363
3.jpg,223
3.jpg,1
3.jpg,41
3.jpg,338
3.jpg,4
3.jpg,370
3.jpg,315
3.jpg,5
3.jpg,247
3.jpg,394
3.jpg,7
3.jpg,13
3.jpg,3
3.jpg,349
3.jpg,422
3.jpg,198
3.jpg,268
3.jpg,27
3.jpg,223
3.jpg,258
3.jpg,3
3.jpg,421
3.jpg,138
3.jpg,248
3.jpg,195
3.jpg,242
3.jpg,441
3.jpg,437
3.jpg,4
3.jpg,12
3.jpg,288
3.jpg,449
3.jpg,468
3.jpg,110
3.jpg,502
3.jpg,509
3.jpg,350
3.jpg,41
3.jpg,336
3.jpg,277
3.jpg,12
3.jpg,295
3.jpg,393
3.jpg,63
3.jpg,153
3.jpg,285
3.jpg,87
3.jpg,350
3.jpg,6
3.jpg,248
3.jpg,49
3.jpg,7
3.jpg,7
3.jpg,7
3.jpg,216
3.jpg,23
3.jpg,160
3.jpg,1
3.jpg,254
3.jpg,357
3.jpg,7
3.jpg,271
3.jpg,213
3.jpg,25
3.jpg,100
3.jpg,10
3.jpg,80
3.jpg,18
4.jpg,612
4.jpg,1362
4.jpg,1721
4.jpg,1422
4.jpg,148
4.jpg,148
4.jpg,1220
4.jpg,1065
4.jpg,958
4.jpg,818
4.jpg,1345
4.jpg,1447
4.jpg,252
4.jpg,758
4.jpg,793
4.jpg,805
4.jpg,548
4.jpg,458
4.jpg,916
4.jpg,889
4.jpg,618
4.jpg,503
4.jpg,1084
4.jpg,1316
4.jpg,490
4.jpg,1044
4.jpg,706
4.jpg,617
4.jpg,828
4.jpg,513
4.jpg,889
4.jpg,653
4.jpg,1241
4.jpg,1539
4.jpg,516
4.jpg,296
4.jpg,1211
4.jpg,3074
4.jpg,1592
4.jpg,725
4.jpg,257
4.jpg,600
4.jpg,490
4.jpg,804
4.jpg,268
4.jpg,353
4.jpg,1354
4.jpg,1607
4.jpg,785
4.jpg,1196
4.jpg,660
4.jpg,17
4.jpg,122
4.jpg,1
4.jpg,25571
4.jpg,1208
4.jpg,8
4.jpg,10
4.jpg,9
4.jpg,1
4.jpg,3739
4.jpg,41
4.jpg,26
4.jpg,6
4.jpg,28
4.jpg,1360
4.jpg,688
4.jpg,1282
4.jpg,7
4.jpg,430
4.jpg,34
4.jpg,646
4.jpg,7
4.jpg,1109
4.jpg,4
4.jpg,966
4.jpg,975
4.jpg,422
4.jpg,4
4.jpg,1250
4.jpg,30
4.jpg,2915
4.jpg,657
4.jpg,815
4.jpg,474
4.jpg,7
4.jpg,3749
4.jpg,669
4.jpg,1057
4.jpg,466
4.jpg,510
4.jpg,843
4.jpg,200
4.jpg,179
4.jpg,7
4.jpg,13839
4.jpg,671
4.jpg,1372
4.jpg,1315
4.jpg,31
4.jpg,489
4.jpg,3
4.jpg,1070
4.jpg,29
4.jpg,7
4.jpg,130
4.jpg,301
4.jpg,6
4.jpg,1076
4.jpg,27
4.jpg,901
4.jpg,8
4.jpg,21437
4.jpg,4
4.jpg,23
4.jpg,7388
4.jpg,7
4.jpg,1848
4.jpg,27472
4.jpg,572
4.jpg,864
4.jpg,25
4.jpg,25182
4.jpg,12
4.jpg,1261
4.jpg,7
4.jpg,2
4.jpg,11
4.jpg,29
4.jpg,1498
4.jpg,1005
4.jpg,54
4.jpg,1045
4.jpg,1301
4.jpg,60
4.jpg,56
4.jpg,35
4.jpg,14
4.jpg,247
4.jpg,42
4.jpg,782
4.jpg,188
4.jpg,195
4.jpg,2171
4.jpg,462
4.jpg,633
4.jpg,1437
4.jpg,46
4.jpg,218
4.jpg,1819
4.jpg,16
4.jpg,514
4.jpg,1196
4.jpg,1832
4.jpg,807
4.jpg,19
4.jpg,398
4.jpg,2585
4.jpg,931
4.jpg,2192
4.jpg,337
4.jpg,739
4.jpg,769
4.jpg,202
4.jpg,5
4.jpg,1548
4.jpg,2
4.jpg,2094
4.jpg,3068
4.jpg,26
4.jpg,35
4.jpg,1
4.jpg,278
4.jpg,526
4.jpg,3345
4.jpg,664
4.jpg,788
4.jpg,237
4.jpg,523
4.jpg,725
4.jpg,856
4.jpg,352
4.jpg,1329
4.jpg,367
4.jpg,44
4.jpg,10
4.jpg,838
4.jpg,2558
4.jpg,1075
4.jpg,326
4.jpg,23
4.jpg,92
4.jpg,1048
4.jpg,1571
4.jpg,311
4.jpg,33
4.jpg,1412
4.jpg,1039
4.jpg,1487
4.jpg,150
4.jpg,1328
4.jpg,1410
4.jpg,1349
4.jpg,3379
4.jpg,4
4.jpg,5
4.jpg,9
4.jpg,708
4.jpg,720
4.jpg,5
4.jpg,943
4.jpg,2777
4.jpg,728
4.jpg,5
4.jpg,2
4.jpg,15
4.jpg,15
4.jpg,2943
4.jpg,3
4.jpg,475
4.jpg,773
4.jpg,543
4.jpg,1011
4.jpg,832
4.jpg,690
4.jpg,1341
4.jpg,488
4.jpg,1074
4.jpg,555
4.jpg,2855
4.jpg,2125
4.jpg,864
4.jpg,50
4.jpg,8
4.jpg,506
4.jpg,790
4.jpg,220
4.jpg,1067
4.jpg,694
4.jpg,1410
4.jpg,14
4.jpg,1295
4.jpg,636
4.jpg,39
4.jpg,171
4.jpg,2
4.jpg,968
4.jpg,662
4.jpg,553
4.jpg,17
4.jpg,2226
4.jpg,663
4.jpg,7
4.jpg,803
4.jpg,377
4.jpg,626
4.jpg,13
4.jpg,321
4.jpg,3221
4.jpg,2260
4.jpg,1130
4.jpg,481
4.jpg,677
4.jpg,5
4.jpg,3504
4.jpg,1071
4.jpg,554
4.jpg,2123
4.jpg,4
4.jpg,851
4.jpg,645
4.jpg,2372
4.jpg,5
4.jpg,3230
4.jpg,721
4.jpg,797
4.jpg,1
4.jpg,1
4.jpg,73
4.jpg,796
4.jpg,900
4.jpg,17
4.jpg,18
4.jpg,1088
4.jpg,1285
4.jpg,2842
4.jpg,3
4.jpg,496
4.jpg,479
4.jpg,11
4.jpg,2083
4.jpg,328
4.jpg,3676
4.jpg,2324
4.jpg,13
4.jpg,727
4.jpg,8
4.jpg,9
4.jpg,1897
4.jpg,24927
4.jpg,1
4.jpg,2
4.jpg,1308
4.jpg,64
4.jpg,3
4.jpg,3
4.jpg,25
4.jpg,6
4.jpg,658
4.jpg,2
4.jpg,2634
4.jpg,470
4.jpg,727
4.jpg,4162
4.jpg,8
4.jpg,863
4.jpg,1370
4.jpg,4
4.jpg,1336
4.jpg,4
4.jpg,2729
4.jpg,196
4.jpg,747
4.jpg,18
4.jpg,227
4.jpg,26
4.jpg,788
4.jpg,1439
4.jpg,2237
4.jpg,5
4.jpg,133
4.jpg,1
4.jpg,19
4.jpg,853
4.jpg,1273
4.jpg,9
4.jpg,416
4.jpg,488
4.jpg,1377
4.jpg,835
4.jpg,22
4.jpg,12
4.jpg,1027
4.jpg,1241
4.jpg,600
4.jpg,1740
4.jpg,432
4.jpg,2486
4.jpg,1661
4.jpg,2
4.jpg,468
4.jpg,1154
4.jpg,933
4.jpg,13
4.jpg,1353
4.jpg,207
4.jpg,826
4.jpg,63
4.jpg,1939
4.jpg,477
4.jpg,1993
4.jpg,525
4.jpg,1136
4.jpg,333
4.jpg,664
4.jpg,1021
4.jpg,1
4.jpg,4298
4.jpg,1099
4.jpg,517
4.jpg,1264
4.jpg,4562
4.jpg,1232
4.jpg,59
4.jpg,22
4.jpg,566
4.jpg,684
4.jpg,10
4.jpg,649
4.jpg,8
4.jpg,1441
4.jpg,917
4.jpg,1564
4.jpg,1261
4.jpg,1798
4.jpg,700
4.jpg,41
4.jpg,32
4.jpg,1797
4.jpg,73
4.jpg,55
4.jpg,431
4.jpg,565
4.jpg,456
4.jpg,16
4.jpg,457
4.jpg,710
4.jpg,529
4.jpg,1443
4.jpg,3008
4.jpg,434
4.jpg,1184
4.jpg,1690
4.jpg,3246
4.jpg,658
4.jpg,377
4.jpg,4611
4.jpg,250
4.jpg,1371
4.jpg,196
4.jpg,1018
4.jpg,160
4.jpg,195
4.jpg,1730
4.jpg,911
4.jpg,996
4.jpg,530
4.jpg,647
4.jpg,731
4.jpg,32
4.jpg,963
4.jpg,5
4.jpg,769
4.jpg,22
4.jpg,1362
4.jpg,3378
4.jpg,1276
4.jpg,1306
4.jpg,1391
4.jpg,761
4.jpg,707
4.jpg,3072
4.jpg,2982
4.jpg,698
4.jpg,672
4.jpg,749
4.jpg,493
4.jpg,916
4.jpg,1141
4.jpg,219
4.jpg,627
4.jpg,1158
4.jpg,221
4.jpg,232
4.jpg,1163
4.jpg,1230
4.jpg,654
4.jpg,2169
4.jpg,203
4.jpg,1182
4.jpg,1
4.jpg,1408
4.jpg,4
4.jpg,2012
4.jpg,1185
4.jpg,324
4.jpg,1035
4.jpg,560
4.jpg,966
4.jpg,1559
4.jpg,1040
4.jpg,1302
4.jpg,1355
4.jpg,73
4.jpg,363
4.jpg,637
4.jpg,553
4.jpg,1411
4.jpg,429
4.jpg,1258
4.jpg,891
4.jpg,3
4.jpg,2
4.jpg,645
4.jpg,1112
4.jpg,1330
4.jpg,33
4.jpg,421
4.jpg,1401
4.jpg,3651
4.jpg,583
4.jpg,529
4.jpg,1102
4.jpg,12
4.jpg,765
4.jpg,691
4.jpg,492
4.jpg,3512
4.jpg,758
4.jpg,434
4.jpg,427
4.jpg,674
4.jpg,145
4.jpg,7
4.jpg,11
4.jpg,654
4.jpg,168
4.jpg,1292
4.jpg,1396
4.jpg,628
4.jpg,3127
4.jpg,709
4.jpg,1026
4.jpg,549
4.jpg,961
4.jpg,1190
4.jpg,813
4.jpg,1103
4.jpg,902
4.jpg,813
4.jpg,1121
4.jpg,4
4.jpg,625
4.jpg,546
4.jpg,3
4.jpg,342
4.jpg,386
4.jpg,173
4.jpg,102
4.jpg,88
4.jpg,56
4.jpg,53
4.jpg,4
5.jpg,39
5.jpg,163
5.jpg,131
5.jpg,358
5.jpg,9
5.jpg,1
5.jpg,165
5.jpg,538
5.jpg,121
5.jpg,512
5.jpg,1823
5.jpg,4
5.jpg,154
5.jpg,1907
5.jpg,579
5.jpg,517
5.jpg,636
5.jpg,475
5.jpg,1084
5.jpg,696
5.jpg,186
5.jpg,304
5.jpg,1031
5.jpg,184
5.jpg,447
5.jpg,206
5.jpg,609
5.jpg,553
5.jpg,464
5.jpg,1049
5.jpg,855
5.jpg,809
5.jpg,651
5.jpg,1433
5.jpg,1049
5.jpg,611
5.jpg,1278
5.jpg,576
5.jpg,565
5.jpg,7
5.jpg,8
5.jpg,26
5.jpg,1647
5.jpg,279
5.jpg,954
5.jpg,305
5.jpg,629
5.jpg,1229
5.jpg,502
5.jpg,199
5.jpg,674
5.jpg,247
5.jpg,618
5.jpg,1735
5.jpg,702
5.jpg,235
5.jpg,585
5.jpg,715
5.jpg,654
5.jpg,571
5.jpg,779
5.jpg,1085
5.jpg,429
5.jpg,777
5.jpg,495
5.jpg,1190
5.jpg,1544
5.jpg,1143
5.jpg,668
5.jpg,239
5.jpg,1384
5.jpg,1206
5.jpg,249
5.jpg,660
5.jpg,987
5.jpg,145
5.jpg,919
5.jpg,1224
5.jpg,45
5.jpg,798
5.jpg,242
5.jpg,668
5.jpg,202
5.jpg,481
5.jpg,480
5.jpg,936
5.jpg,422
5.jpg,963
5.jpg,411
5.jpg,521
5.jpg,676
5.jpg,382
5.jpg,1148
5.jpg,2422
5.jpg,674
5.jpg,324
5.jpg,1211
5.jpg,136
5.jpg,1298
5.jpg,2035
5.jpg,825
5.jpg,1005
5.jpg,1571
5.jpg,768
5.jpg,1394
5.jpg,289
5.jpg,769
5.jpg,405
5.jpg,987
5.jpg,324
5.jpg,769
5.jpg,532
5.jpg,1098
5.jpg,2113
5.jpg,798
5.jpg,875
5.jpg,1368
5.jpg,549
5.jpg,570
5.jpg,1205
5.jpg,645
5.jpg,835
5.jpg,253
5.jpg,747
5.jpg,151
5.jpg,350
5.jpg,267
5.jpg,629
5.jpg,614
5.jpg,1028
5.jpg,1007
5.jpg,1018
5.jpg,557
5.jpg,602
5.jpg,648
5.jpg,534
5.jpg,888
5.jpg,731
5.jpg,646
5.jpg,580
5.jpg,386
5.jpg,650
5.jpg,634
5.jpg,1382
5.jpg,902
5.jpg,1091
5.jpg,2
5.jpg,716
5.jpg,1173
5.jpg,588
5.jpg,180
5.jpg,574
5.jpg,732
5.jpg,1133
5.jpg,95
5.jpg,779
5.jpg,238
5.jpg,608
5.jpg,2502
5.jpg,1156
5.jpg,978
5.jpg,239
5.jpg,724
5.jpg,702
5.jpg,207
5.jpg,1
5.jpg,342
5.jpg,685
5.jpg,837
5.jpg,7
5.jpg,712
5.jpg,1545
5.jpg,12
5.jpg,27
5.jpg,657
5.jpg,154
5.jpg,708
5.jpg,723
5.jpg,1531
5.jpg,242
5.jpg,686
5.jpg,848
5.jpg,743
5.jpg,2361
5.jpg,1331
5.jpg,650
5.jpg,398
5.jpg,251
5.jpg,779
5.jpg,1073
5.jpg,195632
5.jpg,1075
5.jpg,762
5.jpg,7
5.jpg,120
5.jpg,243
5.jpg,205
5.jpg,1179
5.jpg,1610
5.jpg,7
5.jpg,7
5.jpg,865
5.jpg,4913
5.jpg,1515
5.jpg,2049
5.jpg,1293
5.jpg,14
5.jpg,207
5.jpg,14
5.jpg,442
5.jpg,2
5.jpg,13
5.jpg,554
5.jpg,2523
5.jpg,1056
5.jpg,35
5.jpg,1324
5.jpg,1049
5.jpg,538
5.jpg,268
5.jpg,703
5.jpg,475
5.jpg,504
5.jpg,139
5.jpg,367
5.jpg,1652
5.jpg,4
5.jpg,10
5.jpg,1968
5.jpg,2464
5.jpg,613
5.jpg,14
5.jpg,6
5.jpg,2
5.jpg,1542
5.jpg,16
5.jpg,34771
5.jpg,88
5.jpg,9
5.jpg,878
5.jpg,1201
5.jpg,4
5.jpg,644
5.jpg,859
5.jpg,1072
5.jpg,231
5.jpg,690
5.jpg,180
5.jpg,285
5.jpg,565
5.jpg,458
5.jpg,250
5.jpg,1407
5.jpg,5
5.jpg,1746
5.jpg,3
5.jpg,738
5.jpg,4653
5.jpg,1
5.jpg,279
5.jpg,16
5.jpg,1839
5.jpg,27
5.jpg,1209
5.jpg,4
5.jpg,30
5.jpg,2
5.jpg,10
5.jpg,810
5.jpg,4
5.jpg,122
5.jpg,215
5.jpg,21
5.jpg,19
5.jpg,8
5.jpg,323
5.jpg,628
5.jpg,16
5.jpg,1113
5.jpg,282
5.jpg,1402
5.jpg,938
5.jpg,1809
5.jpg,769
5.jpg,1232
5.jpg,1123
5.jpg,833
5.jpg,727
5.jpg,708
5.jpg,1021
5.jpg,933
5.jpg,251
5.jpg,1411
5.jpg,3476
5.jpg,253
5.jpg,270
5.jpg,2
5.jpg,2830
5.jpg,112
5.jpg,607
5.jpg,925
5.jpg,1285
5.jpg,4
5.jpg,2303
5.jpg,692
5.jpg,2016
5.jpg,763
5.jpg,265
5.jpg,1231
5.jpg,617
5.jpg,281
5.jpg,1157
5.jpg,13
5.jpg,714
5.jpg,793
5.jpg,625
5.jpg,656
5.jpg,3398
5.jpg,934
5.jpg,171
5.jpg,656
5.jpg,180248
5.jpg,850
5.jpg,525
5.jpg,1163
5.jpg,2488
5.jpg,390
5.jpg,1756
5.jpg,423
5.jpg,1413
5.jpg,1340
5.jpg,59
5.jpg,983
5.jpg,467
5.jpg,5
5.jpg,654
5.jpg,596
5.jpg,431
5.jpg,724
5.jpg,444
5.jpg,784
5.jpg,4857
5.jpg,402
5.jpg,701
5.jpg,2329
5.jpg,725
5.jpg,401
5.jpg,649
5.jpg,277
5.jpg,498
5.jpg,163
5.jpg,1445
5.jpg,1406
5.jpg,1522
5.jpg,26
5.jpg,655
5.jpg,585
5.jpg,455
5.jpg,142
5.jpg,27
5.jpg,929
5.jpg,602
5.jpg,126
5.jpg,1
5.jpg,3578
5.jpg,1177
5.jpg,524
5.jpg,970
5.jpg,34945
5.jpg,1463
5.jpg,17
5.jpg,1536
5.jpg,999
5.jpg,696
5.jpg,3
5.jpg,265
5.jpg,1606
5.jpg,1255
5.jpg,243
5.jpg,1300
5.jpg,3
5.jpg,2233
5.jpg,722
5.jpg,672
5.jpg,1501
5.jpg,159
5.jpg,44
5.jpg,1397
5.jpg,45
5.jpg,1774
5.jpg,871
5.jpg,2586
5.jpg,1270
5.jpg,42
5.jpg,7
5.jpg,1222
5.jpg,40
5.jpg,670
5.jpg,439
5.jpg,579
5.jpg,1548
5.jpg,784
5.jpg,1
5.jpg,9
5.jpg,969
5.jpg,3078
5.jpg,862
5.jpg,276
5.jpg,718
5.jpg,200
5.jpg,1569
5.jpg,253
5.jpg,1384
5.jpg,898
5.jpg,2499
5.jpg,1117
5.jpg,2
5.jpg,1120
5.jpg,1
5.jpg,813
5.jpg,1264
5.jpg,2221
5.jpg,3
5.jpg,65
5.jpg,40
5.jpg,581
5.jpg,734
5.jpg,80
5.jpg,348
5.jpg,854
5.jpg,226
5.jpg,404
5.jpg,241
5.jpg,272
5.jpg,9
5.jpg,335
5.jpg,873
5.jpg,1257
5.jpg,2678
5.jpg,1066
5.jpg,572
5.jpg,16
5.jpg,741
5.jpg,1555
5.jpg,1
5.jpg,1843
5.jpg,645
5.jpg,1588
5.jpg,412
5.jpg,712
5.jpg,5367
5.jpg,845
5.jpg,953
5.jpg,465
5.jpg,424
5.jpg,454
5.jpg,409
5.jpg,221
5.jpg,602
5.jpg,611
5.jpg,404
5.jpg,925
5.jpg,516
5.jpg,534
5.jpg,399
5.jpg,3092
5.jpg,1218
5.jpg,1519
5.jpg,581
5.jpg,701
5.jpg,935
5.jpg,705
5.jpg,830
5.jpg,56562
5.jpg,1015
5.jpg,340
5.jpg,630
5.jpg,622
5.jpg,171
5.jpg,4
5.jpg,133
5.jpg,81
5.jpg,696
5.jpg,126
5.jpg,489
5.jpg,502
5.jpg,2351
5.jpg,862
5.jpg,823
5.jpg,497
5.jpg,6
5.jpg,262
5.jpg,1568
5.jpg,557
5.jpg,621
5.jpg,687
5.jpg,404
5.jpg,54
5.jpg,363
5.jpg,3034
5.jpg,1324
5.jpg,466
5.jpg,127
5.jpg,493
5.jpg,32
5.jpg,746
5.jpg,714
5.jpg,75
5.jpg,312
5.jpg,729
5.jpg,451
5.jpg,547
5.jpg,3782
5.jpg,802
5.jpg,1
5.jpg,3
5.jpg,1
5.jpg,598
5.jpg,1799
5.jpg,592
5.jpg,763
5.jpg,575
5.jpg,1500
5.jpg,1021
5.jpg,948
5.jpg,4
5.jpg,2
5.jpg,644
5.jpg,703
5.jpg,649
5.jpg,17
5.jpg,721
5.jpg,1406
5.jpg,14893
5.jpg,6
5.jpg,776
5.jpg,2
5.jpg,540
5.jpg,3220
5.jpg,1523
5.jpg,2128
5.jpg,604
5.jpg,487
5.jpg,1124
5.jpg,1723
5.jpg,687
5.jpg,644
5.jpg,595
5.jpg,38
5.jpg,210
5.jpg,733
5.jpg,1946
5.jpg,999
5.jpg,862
5.jpg,691
5.jpg,311
5.jpg,12
5.jpg,492
5.jpg,573
5.jpg,950
5.jpg,1893
5.jpg,772
5.jpg,1622
5.jpg,1000
5.jpg,2
5.jpg,526
5.jpg,1030
5.jpg,318
5.jpg,456
5.jpg,552
5.jpg,205
5.jpg,351
5.jpg,557
5.jpg,718
5.jpg,40
5.jpg,1299
5.jpg,43
5.jpg,371
5.jpg,233
5.jpg,439
5.jpg,578
5.jpg,437
5.jpg,14
5.jpg,25736
5.jpg,3
5.jpg,1417
5.jpg,17197
5.jpg,12
5.jpg,1297
5.jpg,38470
5.jpg,2
5.jpg,357
5.jpg,512
5.jpg,679
5.jpg,1
5.jpg,252
5.jpg,819
5.jpg,743
5.jpg,960
5.jpg,2376
5.jpg,968
5.jpg,21128
5.jpg,18
5.jpg,984
5.jpg,5
5.jpg,912
5.jpg,1
5.jpg,35
5.jpg,9
5.jpg,33
5.jpg,1035
5.jpg,859
5.jpg,3007
5.jpg,16
5.jpg,1268
5.jpg,750
5.jpg,6827
5.jpg,65
5.jpg,21
5.jpg,853
5.jpg,1235
5.jpg,3521
5.jpg,1141
5.jpg,159
5.jpg,4
5.jpg,3
5.jpg,2085
5.jpg,702
5.jpg,31255
5.jpg,2
5.jpg,24
5.jpg,277
5.jpg,420
5.jpg,145
5.jpg,152
5.jpg,199
5.jpg,259
5.jpg,468
5.jpg,1673
5.jpg,436
5.jpg,554
5.jpg,834
5.jpg,1341
5.jpg,1375
5.jpg,735
5.jpg,1119
5.jpg,1558
5.jpg,4646
5.jpg,1831
5.jpg,185
5.jpg,6683
5.jpg,1213
5.jpg,902
5.jpg,1509
5.jpg,616
5.jpg,1649
5.jpg,2645
5.jpg,616
5.jpg,437
5.jpg,12
5.jpg,165
5.jpg,1387
5.jpg,732
5.jpg,961
5.jpg,620
5.jpg,7
5.jpg,407
5.jpg,882
5.jpg,1237
5.jpg,1343
5.jpg,758
5.jpg,912
5.jpg,587
5.jpg,850
5.jpg,518
5.jpg,21
5.jpg,843
5.jpg,978
5.jpg,1
5.jpg,474
5.jpg,1006
5.jpg,668
5.jpg,488
5.jpg,957
5.jpg,567
5.jpg,240
5.jpg,594
5.jpg,1162
5.jpg,460
5.jpg,342
5.jpg,10
5.jpg,403
5.jpg,316
5.jpg,13
5.jpg,224
5.jpg,102
5.jpg,138
5.jpg,133
5.jpg,42
5.jpg,36
5.jpg,49
5.jpg,48
5.jpg,16
5.jpg,16
6.jpg,235
6.jpg,2357
6.jpg,1
6.jpg,509
6.jpg,1615
6.jpg,221
6.jpg,254
6.jpg,231
6.jpg,1478
6.jpg,1914
6.jpg,8
6.jpg,571
6.jpg,778
6.jpg,16
6.jpg,869
6.jpg,6
6.jpg,487
6.jpg,1
6.jpg,476
6.jpg,434
6.jpg,7
6.jpg,766
6.jpg,10
6.jpg,746
6.jpg,9
6.jpg,189
6.jpg,466
6.jpg,265
6.jpg,397
6.jpg,322
6.jpg,3
6.jpg,467
6.jpg,155
6.jpg,370
6.jpg,217
6.jpg,549
6.jpg,177
6.jpg,175
6.jpg,1
6.jpg,9
6.jpg,343
6.jpg,1143
6.jpg,830
6.jpg,780
6.jpg,400
6.jpg,2
6.jpg,289
6.jpg,16
6.jpg,418
6.jpg,825
6.jpg,2912
6.jpg,773
6.jpg,8
6.jpg,6
6.jpg,6481
6.jpg,534
6.jpg,2
6.jpg,4
6.jpg,3
6.jpg,82
6.jpg,639
6.jpg,364
6.jpg,262
6.jpg,1096
6.jpg,233
6.jpg,228
6.jpg,2
6.jpg,4
6.jpg,544
6.jpg,6
6.jpg,416
6.jpg,684
6.jpg,175
6.jpg,514
6.jpg,2408
6.jpg,459
6.jpg,265
6.jpg,1
6.jpg,553
6.jpg,4229
6.jpg,257
6.jpg,14
6.jpg,1730
6.jpg,1169
6.jpg,613
6.jpg,336
6.jpg,1347
6.jpg,525
6.jpg,160
6.jpg,359
6.jpg,409
6.jpg,80
6.jpg,476
6.jpg,288
6.jpg,1589
6.jpg,281
6.jpg,41
6.jpg,2486
6.jpg,5
6.jpg,1
6.jpg,1785
6.jpg,230
6.jpg,1
6.jpg,874
6.jpg,16
6.jpg,430
6.jpg,416
6.jpg,294
6.jpg,91
6.jpg,552
6.jpg,440
6.jpg,2
6.jpg,3830
6.jpg,107
6.jpg,1
6.jpg,641
6.jpg,270
6.jpg,22
6.jpg,224
6.jpg,525
6.jpg,76
6.jpg,3
6.jpg,801
6.jpg,215
6.jpg,677
6.jpg,11
6.jpg,175
6.jpg,38
6.jpg,250
6.jpg,267
6.jpg,138
6.jpg,75
6.jpg,163
6.jpg,285
6.jpg,257
6.jpg,311
6.jpg,251
6.jpg,207
6.jpg,7
6.jpg,466
6.jpg,750
6.jpg,468
6.jpg,884
6.jpg,348
6.jpg,293
6.jpg,460
6.jpg,215
6.jpg,231
6.jpg,193
6.jpg,253
6.jpg,15
6.jpg,93
6.jpg,3
6.jpg,298
6.jpg,328
6.jpg,1018
6.jpg,458
6.jpg,244
6.jpg,500
6.jpg,606
6.jpg,743
6.jpg,693
6.jpg,388
6.jpg,6
6.jpg,907
6.jpg,686
6.jpg,321
6.jpg,1126
6.jpg,165
6.jpg,912
6.jpg,30
6.jpg,225
6.jpg,7
6.jpg,378
6.jpg,19
6.jpg,315
6.jpg,254
6.jpg,596
6.jpg,34
6.jpg,310
6.jpg,618
6.jpg,10
6.jpg,76
6.jpg,387
6.jpg,26
6.jpg,533
6.jpg,206
6.jpg,925
6.jpg,374
6.jpg,497
6.jpg,62
6.jpg,1457
6.jpg,344
6.jpg,625
6.jpg,266
6.jpg,486
6.jpg,468
6.jpg,5
6.jpg,284
6.jpg,485
6.jpg,773
6.jpg,1140
6.jpg,58
6.jpg,1162
6.jpg,279
6.jpg,27
6.jpg,270
6.jpg,8
6.jpg,15
6.jpg,544
6.jpg,250
6.jpg,10
7.jpg,175
7.jpg,44
7.jpg,16
7.jpg,34
7.jpg,38
7.jpg,254
7.jpg,12
7.jpg,29
7.jpg,102
7.jpg,8
7.jpg,187
7.jpg,125
7.jpg,205
7.jpg,40
7.jpg,174
7.jpg,221
7.jpg,78
7.jpg,182
7.jpg,175
7.jpg,206
7.jpg,214
7.jpg,51
7.jpg,4
7.jpg,62
7.jpg,189
7.jpg,89
7.jpg,175
7.jpg,169
7.jpg,230
7.jpg,192
7.jpg,152
7.jpg,82
7.jpg,213
7.jpg,225
7.jpg,199
7.jpg,34
7.jpg,217
7.jpg,295
7.jpg,189
7.jpg,86
7.jpg,70
7.jpg,28
7.jpg,407
7.jpg,263
7.jpg,206
7.jpg,229
7.jpg,164
7.jpg,32
7.jpg,230
7.jpg,166
7.jpg,18
7.jpg,183
7.jpg,187
7.jpg,259
7.jpg,218
7.jpg,192
7.jpg,57
7.jpg,231
7.jpg,193
7.jpg,2
7.jpg,117
7.jpg,121
7.jpg,107
7.jpg,135
7.jpg,7
7.jpg,190
7.jpg,239
7.jpg,78
7.jpg,164
7.jpg,220
7.jpg,165
7.jpg,174
7.jpg,146
7.jpg,98
7.jpg,196
7.jpg,217
7.jpg,58
7.jpg,126
7.jpg,112
7.jpg,43
7.jpg,169
7.jpg,193
7.jpg,95
7.jpg,6
7.jpg,102
7.jpg,118
7.jpg,7
7.jpg,122
7.jpg,152
7.jpg,208
7.jpg,168
7.jpg,22
7.jpg,192
7.jpg,86
7.jpg,182
7.jpg,150
7.jpg,218
7.jpg,172
7.jpg,180
7.jpg,267
7.jpg,187
7.jpg,198
7.jpg,126
7.jpg,190
7.jpg,155
7.jpg,188
7.jpg,120
7.jpg,68
7.jpg,77
7.jpg,37
7.jpg,122
7.jpg,67
7.jpg,84
7.jpg,233
7.jpg,17
7.jpg,208
7.jpg,196
7.jpg,176
7.jpg,43
7.jpg,139
7.jpg,9
7.jpg,209
7.jpg,391
7.jpg,348
7.jpg,89
7.jpg,36
7.jpg,233
7.jpg,99
7.jpg,37
7.jpg,234
7.jpg,82
7.jpg,218
7.jpg,163
7.jpg,47
7.jpg,310
7.jpg,35
7.jpg,52
7.jpg,169
7.jpg,342
7.jpg,7
7.jpg,171
7.jpg,294
7.jpg,66
7.jpg,205
7.jpg,168
7.jpg,50
7.jpg,284
7.jpg,166
7.jpg,236
7.jpg,198
7.jpg,356
7.jpg,153
7.jpg,174
7.jpg,173
7.jpg,247
7.jpg,59
7.jpg,204
7.jpg,4
7.jpg,247
7.jpg,202
7.jpg,215
7.jpg,406
7.jpg,159
7.jpg,268
7.jpg,299
7.jpg,26
7.jpg,272
7.jpg,197
7.jpg,39
7.jpg,67
7.jpg,291
7.jpg,12
7.jpg,156
7.jpg,216
7.jpg,171
7.jpg,138
7.jpg,208
7.jpg,191
7.jpg,236
7.jpg,268
7.jpg,41
7.jpg,97
7.jpg,181
7.jpg,82
7.jpg,241
7.jpg,304
7.jpg,130
7.jpg,2
7.jpg,253
7.jpg,36
7.jpg,309
7.jpg,92
7.jpg,339
7.jpg,161
7.jpg,66
7.jpg,24
7.jpg,139
7.jpg,41
7.jpg,239
7.jpg,150
7.jpg,277
7.jpg,252
7.jpg,1
7.jpg,36
7.jpg,90
7.jpg,158
7.jpg,246
7.jpg,361
7.jpg,5
7.jpg,147
7.jpg,191
7.jpg,135
7.jpg,287
7.jpg,177
7.jpg,181
7.jpg,164
7.jpg,83
7.jpg,212
7.jpg,133
7.jpg,263
7.jpg,102
7.jpg,314
7.jpg,333
7.jpg,241
7.jpg,513
7.jpg,131
7.jpg,73
7.jpg,189
7.jpg,149
7.jpg,315
7.jpg,227
7.jpg,33
7.jpg,220
7.jpg,345
7.jpg,32
7.jpg,178
7.jpg,92
7.jpg,281
7.jpg,127
7.jpg,167
7.jpg,217
7.jpg,15
7.jpg,20
7.jpg,256
7.jpg,171
7.jpg,161
7.jpg,293
7.jpg,44
7.jpg,250
7.jpg,225
7.jpg,313
7.jpg,53
7.jpg,228
7.jpg,185
7.jpg,164
7.jpg,109
7.jpg,180
7.jpg,134
7.jpg,208
7.jpg,171
7.jpg,18
7.jpg,134
7.jpg,238
7.jpg,332
7.jpg,65
7.jpg,232
7.jpg,57
7.jpg,262
7.jpg,311
7.jpg,188
7.jpg,426
7.jpg,172
7.jpg,180
7.jpg,107
7.jpg,238
7.jpg,207
7.jpg,127
7.jpg,223
7.jpg,188
7.jpg,160
7.jpg,149
7.jpg,230
7.jpg,131
7.jpg,362
7.jpg,258
7.jpg,263
7.jpg,131
7.jpg,237
7.jpg,179
7.jpg,56
7.jpg,145
7.jpg,204
7.jpg,133
7.jpg,348
7.jpg,159
7.jpg,38
7.jpg,51
7.jpg,145
7.jpg,467
7.jpg,102
7.jpg,204
7.jpg,89
7.jpg,325
7.jpg,175
7.jpg,284
7.jpg,180
7.jpg,266
7.jpg,21
7.jpg,104
7.jpg,26
7.jpg,223
7.jpg,28
7.jpg,139
7.jpg,220
7.jpg,229
7.jpg,3
7.jpg,362
7.jpg,128
7.jpg,52
7.jpg,379
7.jpg,138
7.jpg,166
7.jpg,141
7.jpg,24
7.jpg,76
7.jpg,249
7.jpg,277
7.jpg,178
7.jpg,387
7.jpg,166
7.jpg,157
7.jpg,346
7.jpg,3
7.jpg,157
7.jpg,244
7.jpg,208
7.jpg,235
7.jpg,183
7.jpg,326
7.jpg,35
7.jpg,155
7.jpg,274
7.jpg,216
7.jpg,241
7.jpg,253
7.jpg,185
7.jpg,32
7.jpg,70
7.jpg,54
7.jpg,59
7.jpg,315
7.jpg,170
7.jpg,123
7.jpg,28
7.jpg,367
7.jpg,149
7.jpg,224
7.jpg,349
7.jpg,158
7.jpg,366
7.jpg,226
7.jpg,405
7.jpg,368
7.jpg,151
7.jpg,164
7.jpg,171
7.jpg,369
7.jpg,205
7.jpg,33
7.jpg,275
7.jpg,234
7.jpg,9
7.jpg,243
7.jpg,270
7.jpg,262
7.jpg,162
7.jpg,199
7.jpg,36
7.jpg,31
7.jpg,365
7.jpg,50
7.jpg,276
7.jpg,173
7.jpg,172
7.jpg,284
7.jpg,106
7.jpg,227
7.jpg,182
7.jpg,278
7.jpg,37
7.jpg,101
7.jpg,234
7.jpg,199
7.jpg,181
7.jpg,81
7.jpg,253
7.jpg,273
7.jpg,186
7.jpg,444
7.jpg,83
7.jpg,44
7.jpg,314
7.jpg,170
7.jpg,241
7.jpg,68
7.jpg,227
7.jpg,295
7.jpg,41
7.jpg,187
7.jpg,316
7.jpg,488
7.jpg,263
7.jpg,93
7.jpg,127
7.jpg,106
7.jpg,182
7.jpg,250
7.jpg,384
7.jpg,162
7.jpg,234
7.jpg,291
7.jpg,406
7.jpg,272
7.jpg,109
7.jpg,222
7.jpg,20
7.jpg,253
7.jpg,145
7.jpg,4
7.jpg,39
7.jpg,237
7.jpg,95
7.jpg,133
7.jpg,87
7.jpg,332
7.jpg,258
7.jpg,285
7.jpg,301
7.jpg,211
7.jpg,24
7.jpg,253
7.jpg,164
7.jpg,335
7.jpg,138
7.jpg,179
7.jpg,61
7.jpg,191
7.jpg,437
7.jpg,175
7.jpg,101
7.jpg,7
7.jpg,470
7.jpg,29
7.jpg,368
7.jpg,214
7.jpg,279
7.jpg,208
7.jpg,265
7.jpg,248
7.jpg,199
